epoch,loss,res_only,state_only,val_loss,val_res_only,val_state_only
0,0.027110325172543526,0.022839674726128578,0.7819209694862366,0.013977562077343464,0.010395217686891556,0.19015003740787506
1,0.01546093262732029,0.01136141736060381,0.1870228350162506,0.014227627776563168,0.010629836469888687,0.18858419358730316
2,0.015454867854714394,0.01133783720433712,0.18349434435367584,0.014153149910271168,0.010537725873291492,0.18738991022109985
