epoch,loss,res_kge,res_nnse,res_only,res_pearson_coeff,state_kge,state_nnse,state_only,state_pearson_coeff,val_loss,val_res_kge,val_res_nnse,val_res_only,val_res_pearson_coeff,val_state_kge,val_state_nnse,val_state_only,val_state_pearson_coeff
0,0.059253815561532974,-inf,0.007688989397138357,0.05305619537830353,0.032005518674850464,-1150988416.0,0.0005766591057181358,2.2752130031585693,0.03050767444074154,0.022465940564870834,-inf,0.008927061222493649,0.018590500578284264,0.04845219850540161,-1555.6011962890625,0.00044306277413852513,0.7357752919197083,-0.02214113064110279
1,0.01658462919294834,-inf,0.009571084752678871,0.012382082641124725,0.09930198639631271,-538.43310546875,0.002260881010442972,0.2832682728767395,0.10815811157226562,0.013667873106896877,-inf,0.00959194079041481,0.010209379717707634,0.12280905991792679,-122.35488891601562,0.0034600503277033567,0.18768669664859772,0.19473762810230255
2,0.01531719509512186,-inf,0.009619656018912792,0.011177634820342064,0.12713013589382172,-266.740234375,0.0030053856316953897,0.21178461611270905,0.16197064518928528,0.013733239844441414,-inf,0.009585627354681492,0.010300818830728531,0.14884430170059204,-186.08758544921875,0.003183354390785098,0.20409736037254333,0.13339105248451233
