epoch,loss,res_only,state_only,val_loss,val_res_only,val_state_only
0,0.029053181409835815,0.024429764598608017,0.8516402840614319,0.014564616605639458,0.010957815684378147,0.21453654766082764
1,0.015395105816423893,0.011312113143503666,0.19276200234889984,0.013761823065578938,0.01027601957321167,0.1883740872144699
2,0.015177168883383274,0.011140787973999977,0.18750008940696716,0.013679297640919685,0.010203913785517216,0.18450571596622467
3,0.015001308172941208,0.010997995734214783,0.18562990427017212,0.01388621237128973,0.010360568761825562,0.18979869782924652
