epoch,loss,res_only,state_only,val_loss,val_res_only,val_state_only
0,0.027917152270674706,0.02348683960735798,0.8037628531455994,0.015558735467493534,0.012058844789862633,0.28877028822898865
1,0.015260591171681881,0.011212537996470928,0.18838560581207275,0.014217599295079708,0.01062525250017643,0.18433460593223572
2,0.0153676001355052,0.011259020306169987,0.184210866689682,0.013852696865797043,0.01034952700138092,0.17918328940868378
