epoch,loss,res_only,state_only,val_loss,val_res_only,val_state_only
0,0.026311932131648064,0.02188035473227501,0.7133588790893555,0.017814379185438156,0.014226053841412067,0.3814372420310974
1,0.015583719126880169,0.011453401297330856,0.19496463239192963,0.013837254606187344,0.010350756347179413,0.18399767577648163
2,0.01576831378042698,0.011529140174388885,0.1850326657295227,0.01424738671630621,0.010628292337059975,0.18144796788692474
