{
  "lstm-rsm-48": {
    "rsm-100": {
      "ent-total": 2.6149634688280146,
      "ent-y": 1.6859395805706041,
      "ent-p": 1.4961689735287003,
      "mi": 0.56714508527129,
      "info-loss": 1.1187944952993143,
      "fi": 0.21688451560873068
    },
    "rsm-10": {
      "ent-total": 3.267119337481833,
      "ent-y": 2.1992589802005855,
      "ent-p": 2.2049107905826375,
      "mi": 1.1370504333013907,
      "info-loss": 1.0622085468991953,
      "fi": 0.34802843601598726
    },
    "rsm-40": {
      "ent-total": 2.789288464447593,
      "ent-y": 1.8867242553219994,
      "ent-p": 1.7318147225284957,
      "mi": 0.829250513402902,
      "info-loss": 1.0574737419190972,
      "fi": 0.29729822640166825
    }
  },
  "lstm-rsm-49": {
    "rsm-100": {
      "ent-total": 2.6418519384174877,
      "ent-y": 1.6859395805706041,
      "ent-p": 1.4220536200444545,
      "mi": 0.4661412621975707,
      "info-loss": 1.2197983183730332,
      "fi": 0.17644488527877036
    },
    "rsm-10": {
      "ent-total": 3.3296356987367313,
      "ent-y": 2.1992589802005855,
      "ent-p": 2.212322782946661,
      "mi": 1.0819460644105154,
      "info-loss": 1.11731291579007,
      "fi": 0.324944276883206
    },
    "rsm-40": {
      "ent-total": 2.8089438015431845,
      "ent-y": 1.8867242553219994,
      "ent-p": 1.6836056720187074,
      "mi": 0.7613861257975221,
      "info-loss": 1.125338129524477,
      "fi": 0.2710577995114142
    }
  },
  "lstm-rsm-50": {
    "rsm-100": {
      "ent-total": 2.5631156309264433,
      "ent-y": 1.6828998245927225,
      "ent-p": 1.4780913293423377,
      "mi": 0.597875523008617,
      "info-loss": 1.0850243015841057,
      "fi": 0.23326123714227973
    },
    "rsm-10": {
      "ent-total": 3.223173111337939,
      "ent-y": 2.1987644808625078,
      "ent-p": 2.1922426063920324,
      "mi": 1.1678339759166008,
      "info-loss": 1.0309305049459065,
      "fi": 0.36232431072615673
    },
    "rsm-40": {
      "ent-total": 2.757235809613513,
      "ent-y": 1.8850968165581619,
      "ent-p": 1.7438401543900037,
      "mi": 0.871701161334653,
      "info-loss": 1.013395655223509,
      "fi": 0.3161503844884566
    }
  },
  "lstm-rsm-51": {
    "rsm-100": {
      "ent-total": 2.5171954152362317,
      "ent-y": 1.6828998245927225,
      "ent-p": 1.5844278403118761,
      "mi": 0.7501322496683671,
      "info-loss": 0.9327675749243556,
      "fi": 0.298003184467889
    },
    "rsm-10": {
      "ent-total": 3.1224799989769907,
      "ent-y": 2.1987644808625078,
      "ent-p": 2.1973503366547926,
      "mi": 1.2736348185403101,
      "info-loss": 0.9251296623221981,
      "fi": 0.4078920662286348
    },
    "rsm-40": {
      "ent-total": 2.6642275717944486,
      "ent-y": 1.8850968165581619,
      "ent-p": 1.7597929332005415,
      "mi": 0.9806621779642546,
      "info-loss": 0.904434638593907,
      "fi": 0.3680849895655667
    }
  },
  "lstm-rsm-53": {
    "rsm-100": {
      "ent-total": 2.5565174387437466,
      "ent-y": 1.6864494945016026,
      "ent-p": 1.5877113029789558,
      "mi": 0.7176433587368116,
      "info-loss": 0.9688061357647908,
      "fi": 0.28071130979237763
    },
    "rsm-10": {
      "ent-total": 3.16066231669615,
      "ent-y": 2.1995952381435244,
      "ent-p": 2.2015800492248236,
      "mi": 1.240512970672198,
      "info-loss": 0.9590822674713264,
      "fi": 0.3924851332960207
    },
    "rsm-40": {
      "ent-total": 2.6929231407188627,
      "ent-y": 1.8881581192466848,
      "ent-p": 1.761511668289358,
      "mi": 0.9567466468171801,
      "info-loss": 0.9314114724295048,
      "fi": 0.3552818245535895
    }
  },
  "lstm-rsm-54": {
    "rsm-100": {
      "ent-total": 2.5837145224567246,
      "ent-y": 1.6864494945016026,
      "ent-p": 1.593612672431872,
      "mi": 0.69634764447675,
      "info-loss": 0.9901018500248526,
      "fi": 0.26951415817202123
    },
    "rsm-10": {
      "ent-total": 3.221742798675851,
      "ent-y": 2.1995952381435244,
      "ent-p": 2.2024436851162266,
      "mi": 1.1802961245838994,
      "info-loss": 1.0192991135596245,
      "fi": 0.3663533057539558
    },
    "rsm-40": {
      "ent-total": 2.7437463014610444,
      "ent-y": 1.8881581192466848,
      "ent-p": 1.760480200198712,
      "mi": 0.9048920179843525,
      "info-loss": 0.9832661012623323,
      "fi": 0.3298016356331843
    }
  },
  "lstm-rsm-55": {
    "rsm-100": {
      "ent-total": 2.6828769531679577,
      "ent-y": 1.6858647255892563,
      "ent-p": 1.535019685155183,
      "mi": 0.5380074575764815,
      "info-loss": 1.1478572680127748,
      "fi": 0.20053378032906016
    },
    "rsm-10": {
      "ent-total": 3.440960166989668,
      "ent-y": 2.200401281569306,
      "ent-p": 2.0772699539078667,
      "mi": 0.8367110684875048,
      "info-loss": 1.3636902130818012,
      "fi": 0.24316209077755857
    },
    "rsm-40": {
      "ent-total": 2.897402375189462,
      "ent-y": 1.88670166586423,
      "ent-p": 1.6722187097585064,
      "mi": 0.6615180004332739,
      "info-loss": 1.2251836654309558,
      "fi": 0.22831416378265965
    }
  },
  "lstm-rsm-56": {
    "rsm-100": {
      "ent-total": 2.5834149769703694,
      "ent-y": 1.6858582473275208,
      "ent-p": 1.23896953318694,
      "mi": 0.3414128035440913,
      "info-loss": 1.3444454437834295,
      "fi": 0.13215561827564926
    },
    "rsm-10": {
      "ent-total": 3.414474314771864,
      "ent-y": 2.201469167699707,
      "ent-p": 2.2208045923527737,
      "mi": 1.0077994452806163,
      "info-loss": 1.1936697224190902,
      "fi": 0.2951550816828891
    },
    "rsm-40": {
      "ent-total": 2.93029758711009,
      "ent-y": 1.8877441039430525,
      "ent-p": 1.7538133422818347,
      "mi": 0.7112598591147972,
      "info-loss": 1.176484244828255,
      "fi": 0.24272615253942653
    }
  },
  "lstm-rsm-9": {
    "rsm-100": {
      "ent-total": 2.52654400931508,
      "ent-y": 1.6858647255892563,
      "ent-p": 1.5664681869329173,
      "mi": 0.7257889032070932,
      "info-loss": 0.9600758223821628,
      "fi": 0.2872654901443205
    },
    "rsm-10": {
      "ent-total": 3.171707784961322,
      "ent-y": 2.200401281569306,
      "ent-p": 2.2012584482763136,
      "mi": 1.2299519448842968,
      "info-loss": 0.9704493366850087,
      "fi": 0.3877885443028906
    },
    "rsm-40": {
      "ent-total": 2.693096691239396,
      "ent-y": 1.88670166586423,
      "ent-p": 1.749709635507984,
      "mi": 0.943314610132818,
      "info-loss": 0.9433870557314121,
      "fi": 0.3502713486676533
    }
  }
}
