epoch,loss,res_only,state_only,val_loss,val_res_only,val_state_only
0,0.02498607523739338,0.020696500316262245,0.686157763004303,0.01482795923948288,0.011300493963062763,0.2601149380207062
1,0.015222305431962013,0.01116587407886982,0.19128091633319855,0.014047101140022278,0.010504445992410183,0.18486715853214264
2,0.015312892384827137,0.011204059235751629,0.18427234888076782,0.013869088143110275,0.010381589643657207,0.18592961132526398
