epoch,loss,res_only,state_only,val_loss,val_res_only,val_state_only
0,0.02563813515007496,0.02132243849337101,0.7217238545417786,0.016474340111017227,0.013041140511631966,0.38311150670051575
1,0.015273652039468288,0.011280979961156845,0.18840888142585754,0.013400350697338581,0.01007840409874916,0.17730557918548584
2,0.015034502372145653,0.011058301664888859,0.180609792470932,0.013701178133487701,0.01027446985244751,0.18381263315677643
