epoch,loss,res_kge,res_nnse,res_only,res_pearson_coeff,state_kge,state_nnse,state_only,state_pearson_coeff,val_loss,val_res_kge,val_res_nnse,val_res_only,val_res_pearson_coeff,val_state_kge,val_state_nnse,val_state_only,val_state_pearson_coeff
0,1.8729267120361328,-inf,1.8253165762871504e-05,1.5411803722381592,-0.004310175310820341,-245512.015625,5.621125751531508e-07,80.49371337890625,0.024370120838284492,0.39254122972488403,-inf,2.0435527403606102e-05,0.3207726776599884,-0.005266513675451279,-37770.76171875,6.866231956337288e-07,19.34444808959961,0.02794552780687809
1,0.31634998321533203,-inf,3.652067971415818e-05,0.2513122260570526,-0.002686501247808337,-17342.337890625,1.049340539793775e-06,15.579793930053711,0.0039653172716498375,0.2408006638288498,-inf,5.2092473197262734e-05,0.19325627386569977,-0.002020980231463909,-20440.7421875,1.6620199403405422e-06,11.980903625488281,-0.008810276165604591
