epoch,loss,res_kge,res_nnse,res_only,res_pearson_coeff,state_kge,state_nnse,state_only,state_pearson_coeff,val_loss,val_res_kge,val_res_nnse,val_res_only,val_res_pearson_coeff,val_state_kge,val_state_nnse,val_state_only,val_state_pearson_coeff
0,0.06810314953327179,-inf,0.008032784797251225,0.06207635998725891,0.21519336104393005,-3997.82470703125,0.00023251405218616128,2.716827154159546,0.1394033133983612,0.016189267858862877,-inf,0.017813364043831825,0.013890913687646389,0.2995990514755249,-1106.4736328125,0.0006375420489348471,0.5705006718635559,0.17234919965267181
